timeStamp,elapsed,label,responseCode,responseMessage,threadName,dataType,success,failureMessage,bytes,sentBytes,grpThreads,allThreads,URL,Latency,IdleTime,Connect
1732356030213,1204,Blazedemo,200,"Number of samples in transaction : 1, number of failing samples : 0",Thread Group 1-8,,true,,2334,689,10,10,null,0,5032,776
1732356030400,970,Blazedemo,200,"Number of samples in transaction : 1, number of failing samples : 0",Thread Group 1-10,,true,,2278,689,10,10,null,0,5078,553
1732356030296,1058,Blazedemo,200,"Number of samples in transaction : 1, number of failing samples : 0",Thread Group 1-9,,true,,2332,689,10,10,null,0,5094,642
1732356030009,1371,Blazedemo,200,"Number of samples in transaction : 1, number of failing samples : 0",Thread Group 1-6,,true,,2341,689,10,10,null,0,5068,946
1732356035482,970,Homepage,200,OK,Thread Group 1-10,text,true,,2278,689,10,10,https://blazedemo.com/,969,0,553
1732356035249,1204,Homepage,200,OK,Thread Group 1-8,text,true,,2334,689,10,10,https://blazedemo.com/,1198,0,776
1732356035081,1371,Homepage,200,OK,Thread Group 1-6,text,true,,2341,689,10,10,https://blazedemo.com/,1366,0,946
1732356035394,1058,Homepage,200,OK,Thread Group 1-9,text,true,,2332,689,10,10,https://blazedemo.com/,1057,0,642
1732356030093,1358,Blazedemo,200,"Number of samples in transaction : 1, number of failing samples : 0",Thread Group 1-7,,true,,2227,689,10,10,null,0,5014,915
1732356035112,1358,Homepage,200,OK,Thread Group 1-7,text,true,,2227,689,10,10,https://blazedemo.com/,1341,0,915
1732356029576,1774,Blazedemo,200,"Number of samples in transaction : 1, number of failing samples : 0",Thread Group 1-1,,true,,2343,689,10,10,null,0,5116,1330
1732356034698,1774,Homepage,200,OK,Thread Group 1-1,text,true,,2343,689,10,10,https://blazedemo.com/,1773,0,1330
1732356029927,1526,Blazedemo,200,"Number of samples in transaction : 1, number of failing samples : 0",Thread Group 1-5,,true,,2165,689,10,10,null,0,5017,1074
1732356034949,1526,Homepage,200,OK,Thread Group 1-5,text,true,,2165,689,10,10,https://blazedemo.com/,1526,0,1074
1732356029813,1835,Blazedemo,200,"Number of samples in transaction : 1, number of failing samples : 0",Thread Group 1-4,,true,,2213,689,10,10,null,0,5045,1264
1732356034863,1835,Homepage,200,OK,Thread Group 1-4,text,true,,2213,689,10,10,https://blazedemo.com/,1832,0,1264
1732356029634,1975,Blazedemo,200,"Number of samples in transaction : 1, number of failing samples : 0",Thread Group 1-2,,true,,2275,689,10,10,null,0,5088,1371
1732356034727,1975,Homepage,200,OK,Thread Group 1-2,text,true,,2275,689,10,10,https://blazedemo.com/,1972,0,1371
1732356029742,1870,Blazedemo,200,"Number of samples in transaction : 1, number of failing samples : 0",Thread Group 1-3,,true,,2312,689,10,10,null,0,5093,1288
1732356034840,1870,Homepage,200,OK,Thread Group 1-3,text,true,,2312,689,10,10,https://blazedemo.com/,1869,0,1288
1732356036456,413,SearchFlights,200,"Number of samples in transaction : 1, number of failing samples : 0",Thread Group 1-9,,true,,2368,872,10,10,null,0,3,0
1732356036458,413,SearchFlights,200,OK,Thread Group 1-9,text,true,,2368,872,10,10,https://blazedemo.com/reserve.php,413,0,0
1732356036472,397,SearchFlights,200,"Number of samples in transaction : 1, number of failing samples : 0",Thread Group 1-1,,true,,2385,875,10,10,null,0,3,0
1732356036475,397,SearchFlights,200,OK,Thread Group 1-1,text,true,,2385,875,10,10,https://blazedemo.com/reserve.php,396,0,0
1732356036471,416,SearchFlights,200,"Number of samples in transaction : 1, number of failing samples : 0",Thread Group 1-7,,true,,2422,878,10,10,null,0,1,0
1732356036471,416,SearchFlights,200,OK,Thread Group 1-7,text,true,,2422,878,10,10,https://blazedemo.com/reserve.php,416,0,0
1732356036456,430,SearchFlights,200,"Number of samples in transaction : 1, number of failing samples : 0",Thread Group 1-6,,true,,2419,875,10,10,null,0,2,0
1732356036458,430,SearchFlights,200,OK,Thread Group 1-6,text,true,,2419,875,10,10,https://blazedemo.com/reserve.php,429,0,0
1732356036456,430,SearchFlights,200,"Number of samples in transaction : 1, number of failing samples : 0",Thread Group 1-8,,true,,2291,875,10,10,null,0,3,0
1732356036458,430,SearchFlights,200,OK,Thread Group 1-8,text,true,,2291,875,10,10,https://blazedemo.com/reserve.php,429,0,0
1732356036456,463,SearchFlights,200,"Number of samples in transaction : 1, number of failing samples : 0",Thread Group 1-10,,true,,2435,873,10,10,null,0,2,0
1732356036458,463,SearchFlights,200,OK,Thread Group 1-10,text,true,,2435,873,10,10,https://blazedemo.com/reserve.php,462,0,0
1732356036476,465,SearchFlights,200,"Number of samples in transaction : 1, number of failing samples : 0",Thread Group 1-5,,true,,2343,872,10,10,null,0,2,0
1732356036477,465,SearchFlights,200,OK,Thread Group 1-5,text,true,,2343,872,10,10,https://blazedemo.com/reserve.php,461,0,0
1732356036872,429,PurchaseFlight,200,"Number of samples in transaction : 1, number of failing samples : 0",Thread Group 1-1,,true,,2536,928,10,10,null,0,3,0
1732356036888,414,PurchaseFlight,200,"Number of samples in transaction : 1, number of failing samples : 0",Thread Group 1-6,,true,,2600,928,10,10,null,0,2,0
1732356036873,429,PurchaseFlight,200,OK,Thread Group 1-1,text,true,,2536,928,10,10,https://blazedemo.com/purchase.php,417,0,0
1732356036889,414,PurchaseFlight,200,OK,Thread Group 1-6,text,true,,2600,928,10,10,https://blazedemo.com/purchase.php,401,0,0
1732356036888,430,PurchaseFlight,200,"Number of samples in transaction : 1, number of failing samples : 0",Thread Group 1-7,,true,,2685,928,10,10,null,0,1,0
1732356036888,430,PurchaseFlight,200,OK,Thread Group 1-7,text,true,,2685,928,10,10,https://blazedemo.com/purchase.php,421,0,0
1732356036890,435,PurchaseFlight,200,"Number of samples in transaction : 1, number of failing samples : 0",Thread Group 1-8,,true,,2599,928,10,10,null,0,0,0
1732356036704,620,SearchFlights,200,"Number of samples in transaction : 1, number of failing samples : 0",Thread Group 1-2,,true,,2268,875,10,10,null,0,1,0
1732356036890,435,PurchaseFlight,200,OK,Thread Group 1-8,text,true,,2599,928,10,10,https://blazedemo.com/purchase.php,433,0,0
1732356036705,620,SearchFlights,200,OK,Thread Group 1-2,text,true,,2268,875,10,10,https://blazedemo.com/reserve.php,618,0,0
1732356036700,619,SearchFlights,200,"Number of samples in transaction : 1, number of failing samples : 0",Thread Group 1-4,,true,,2378,873,10,10,null,0,13,0
1732356036702,619,SearchFlights,200,OK,Thread Group 1-4,text,true,,2378,873,10,10,https://blazedemo.com/reserve.php,617,0,0
1732356036921,410,PurchaseFlight,200,"Number of samples in transaction : 1, number of failing samples : 0",Thread Group 1-10,,true,,2688,928,10,10,null,0,2,0
1732356036922,410,PurchaseFlight,200,OK,Thread Group 1-10,text,true,,2688,928,10,10,https://blazedemo.com/purchase.php,409,0,0
1732356036872,463,PurchaseFlight,200,"Number of samples in transaction : 1, number of failing samples : 0",Thread Group 1-9,,true,,2442,928,10,10,null,0,1,0
1732356036872,463,PurchaseFlight,200,OK,Thread Group 1-9,text,true,,2442,928,10,10,https://blazedemo.com/purchase.php,463,0,0
1732356036712,621,SearchFlights,200,"Number of samples in transaction : 1, number of failing samples : 0",Thread Group 1-3,,true,,2444,878,10,10,null,0,3,0
1732356036713,621,SearchFlights,200,OK,Thread Group 1-3,text,true,,2444,878,10,10,https://blazedemo.com/reserve.php,607,0,0
1732356036943,418,PurchaseFlight,200,"Number of samples in transaction : 1, number of failing samples : 0",Thread Group 1-5,,true,,2505,928,10,10,null,0,0,0
1732356036943,418,PurchaseFlight,200,OK,Thread Group 1-5,text,true,,2505,928,10,10,https://blazedemo.com/purchase.php,413,0,0
1732356037304,416,EnterDetails,200,"Number of samples in transaction : 1, number of failing samples : 0",Thread Group 1-6,,true,,2388,1062,10,10,null,0,2,0
1732356037305,416,EnterDetails,200,OK,Thread Group 1-6,text,true,,2388,1062,10,10,https://blazedemo.com/confirmation.php,410,0,0
1732356037326,399,EnterDetails,200,"Number of samples in transaction : 1, number of failing samples : 0",Thread Group 1-8,,true,,2323,1062,10,10,null,0,7,0
1732356037327,399,EnterDetails,200,OK,Thread Group 1-8,text,true,,2323,1062,10,10,https://blazedemo.com/confirmation.php,396,0,0
1732356037320,394,EnterDetails,200,"Number of samples in transaction : 1, number of failing samples : 0",Thread Group 1-7,,true,,2491,1062,10,10,null,0,21,0
1732356037329,394,EnterDetails,200,OK,Thread Group 1-7,text,true,,2491,1062,10,10,https://blazedemo.com/confirmation.php,390,0,0
1732356037333,407,EnterDetails,200,"Number of samples in transaction : 1, number of failing samples : 0",Thread Group 1-10,,true,,2339,1062,10,10,null,0,1,0
1732356037334,407,EnterDetails,200,OK,Thread Group 1-10,text,true,,2339,1062,10,10,https://blazedemo.com/confirmation.php,406,0,0
1732356037304,440,EnterDetails,200,"Number of samples in transaction : 1, number of failing samples : 0",Thread Group 1-1,,true,,2465,1062,10,10,null,0,2,0
1732356037305,440,EnterDetails,200,OK,Thread Group 1-1,text,true,,2465,1062,10,10,https://blazedemo.com/confirmation.php,439,0,0
1732356037746,4,Debug Sampler,200,OK,Thread Group 1-1,text,true,,589,0,10,10,null,0,0,0
1732356037742,8,Debug Sampler,200,OK,Thread Group 1-8,text,true,,589,0,10,10,null,0,0,0
1732356037744,9,Debug Sampler,200,OK,Thread Group 1-6,text,true,,589,0,10,10,null,0,0,0
1732356037749,4,Debug Sampler,200,OK,Thread Group 1-7,text,true,,587,0,10,10,null,0,0,0
1732356037336,419,EnterDetails,200,"Number of samples in transaction : 1, number of failing samples : 0",Thread Group 1-9,,true,,2341,1062,10,10,null,0,1,0
1732356037336,419,EnterDetails,200,OK,Thread Group 1-9,text,true,,2341,1062,10,10,https://blazedemo.com/confirmation.php,418,0,0
1732356037756,1,Debug Sampler,200,OK,Thread Group 1-9,text,true,,586,0,10,10,null,0,0,0
1732356037743,15,Debug Sampler,200,OK,Thread Group 1-10,text,true,,588,0,10,10,null,0,0,0
1732356037362,413,EnterDetails,200,"Number of samples in transaction : 1, number of failing samples : 0",Thread Group 1-5,,true,,2466,1062,10,10,null,0,1,0
1732356037362,413,EnterDetails,200,OK,Thread Group 1-5,text,true,,2466,1062,10,10,https://blazedemo.com/confirmation.php,408,0,0
1732356037776,1,Debug Sampler,200,OK,Thread Group 1-5,text,true,,585,0,10,10,null,0,0,0
1732356037326,595,PurchaseFlight,200,"Number of samples in transaction : 1, number of failing samples : 0",Thread Group 1-2,,true,,2634,928,10,10,null,0,1,0
1732356037327,595,PurchaseFlight,200,OK,Thread Group 1-2,text,true,,2634,928,10,10,https://blazedemo.com/purchase.php,593,0,0
1732356037336,610,PurchaseFlight,200,"Number of samples in transaction : 1, number of failing samples : 0",Thread Group 1-3,,true,,2686,928,10,10,null,0,2,0
1732356037337,610,PurchaseFlight,200,OK,Thread Group 1-3,text,true,,2686,928,10,10,https://blazedemo.com/purchase.php,610,0,0
1732356037333,618,PurchaseFlight,200,"Number of samples in transaction : 1, number of failing samples : 0",Thread Group 1-4,,true,,2555,928,10,10,null,0,5,0
1732356037338,618,PurchaseFlight,200,OK,Thread Group 1-4,text,true,,2555,928,10,10,https://blazedemo.com/purchase.php,609,0,0
1732356037956,554,EnterDetails,200,"Number of samples in transaction : 1, number of failing samples : 0",Thread Group 1-4,,true,,2339,1062,10,10,null,0,2,0
1732356037957,554,EnterDetails,200,OK,Thread Group 1-4,text,true,,2339,1062,10,10,https://blazedemo.com/confirmation.php,552,0,0
1732356038513,1,Debug Sampler,200,OK,Thread Group 1-4,text,true,,587,0,10,10,null,0,0,0
1732356037948,592,EnterDetails,200,"Number of samples in transaction : 1, number of failing samples : 0",Thread Group 1-3,,true,,2405,1062,10,10,null,0,1,0
1732356037948,592,EnterDetails,200,OK,Thread Group 1-3,text,true,,2405,1062,10,10,https://blazedemo.com/confirmation.php,588,0,0
1732356038541,1,Debug Sampler,200,OK,Thread Group 1-3,text,true,,587,0,10,10,null,0,0,0
1732356037923,629,EnterDetails,200,"Number of samples in transaction : 1, number of failing samples : 0",Thread Group 1-2,,true,,2439,1062,10,10,null,0,2,0
1732356037923,629,EnterDetails,200,OK,Thread Group 1-2,text,true,,2439,1062,10,10,https://blazedemo.com/confirmation.php,626,0,0
1732356038554,1,Debug Sampler,200,OK,Thread Group 1-2,text,true,,589,0,10,10,null,0,0,0
1732356037762,423,Blazedemo,200,"Number of samples in transaction : 1, number of failing samples : 0",Thread Group 1-6,,true,,2270,689,10,10,null,0,5006,0
1732356042767,423,Homepage,200,OK,Thread Group 1-6,text,true,,2270,689,10,10,https://blazedemo.com/,421,0,0
1732356037763,417,Blazedemo,200,"Number of samples in transaction : 1, number of failing samples : 0",Thread Group 1-10,,true,,2256,689,10,10,null,0,5016,0
1732356042779,417,Homepage,200,OK,Thread Group 1-10,text,true,,2256,689,10,10,https://blazedemo.com/,412,0,0
1732356037759,439,Blazedemo,200,"Number of samples in transaction : 1, number of failing samples : 0",Thread Group 1-1,,true,,2200,689,10,10,null,0,5011,0
1732356042769,439,Homepage,200,OK,Thread Group 1-1,text,true,,2200,689,10,10,https://blazedemo.com/,435,0,0
1732356037778,425,Blazedemo,200,"Number of samples in transaction : 1, number of failing samples : 0",Thread Group 1-5,,true,,2384,689,10,10,null,0,5012,0
1732356042789,425,Homepage,200,OK,Thread Group 1-5,text,true,,2384,689,10,10,https://blazedemo.com/,423,0,0
1732356037765,406,Blazedemo,200,"Number of samples in transaction : 1, number of failing samples : 0",Thread Group 1-9,,true,,2305,689,10,10,null,0,5048,0
1732356042812,406,Homepage,200,OK,Thread Group 1-9,text,true,,2305,689,10,10,https://blazedemo.com/,405,0,0
1732356037767,405,Blazedemo,200,"Number of samples in transaction : 1, number of failing samples : 0",Thread Group 1-7,,true,,2331,689,10,10,null,0,5064,0
1732356042830,405,Homepage,200,OK,Thread Group 1-7,text,true,,2331,689,10,10,https://blazedemo.com/,403,0,0
1732356037768,411,Blazedemo,200,"Number of samples in transaction : 1, number of failing samples : 0",Thread Group 1-8,,true,,2263,689,10,10,null,0,5062,0
1732356042829,411,Homepage,200,OK,Thread Group 1-8,text,true,,2263,689,10,10,https://blazedemo.com/,409,0,0
1732356043192,381,SearchFlights,200,"Number of samples in transaction : 1, number of failing samples : 0",Thread Group 1-6,,true,,2306,875,10,10,null,0,3,0
1732356043194,381,SearchFlights,200,OK,Thread Group 1-6,text,true,,2306,875,10,10,https://blazedemo.com/reserve.php,380,0,0
1732356043216,393,SearchFlights,200,"Number of samples in transaction : 1, number of failing samples : 0",Thread Group 1-5,,true,,2491,875,10,10,null,0,2,0
1732356043217,393,SearchFlights,200,OK,Thread Group 1-5,text,true,,2491,875,10,10,https://blazedemo.com/reserve.php,387,0,0
1732356043197,423,SearchFlights,200,"Number of samples in transaction : 1, number of failing samples : 0",Thread Group 1-10,,true,,2438,872,10,10,null,0,1,0
1732356043198,423,SearchFlights,200,OK,Thread Group 1-10,text,true,,2438,872,10,10,https://blazedemo.com/reserve.php,419,0,0
1732356043219,412,SearchFlights,200,"Number of samples in transaction : 1, number of failing samples : 0",Thread Group 1-9,,true,,2457,878,10,10,null,0,1,0
1732356043219,412,SearchFlights,200,OK,Thread Group 1-9,text,true,,2457,878,10,10,https://blazedemo.com/reserve.php,409,0,0
1732356043209,462,SearchFlights,200,"Number of samples in transaction : 1, number of failing samples : 0",Thread Group 1-1,,true,,2376,873,10,10,null,0,1,0
1732356043210,462,SearchFlights,200,OK,Thread Group 1-1,text,true,,2376,873,10,10,https://blazedemo.com/reserve.php,448,0,0
1732356043236,434,SearchFlights,200,"Number of samples in transaction : 1, number of failing samples : 0",Thread Group 1-7,,true,,2332,875,10,10,null,0,3,0
1732356043239,434,SearchFlights,200,OK,Thread Group 1-7,text,true,,2332,875,10,10,https://blazedemo.com/reserve.php,433,0,0
1732356043241,466,SearchFlights,200,"Number of samples in transaction : 1, number of failing samples : 0",Thread Group 1-8,,true,,2291,872,10,10,null,0,1,0
1732356043242,466,SearchFlights,200,OK,Thread Group 1-8,text,true,,2291,872,10,10,https://blazedemo.com/reserve.php,463,0,0
1732356043576,411,PurchaseFlight,200,"Number of samples in transaction : 1, number of failing samples : 0",Thread Group 1-6,,true,,2687,928,10,10,null,0,0,0
1732356043576,411,PurchaseFlight,200,OK,Thread Group 1-6,text,true,,2687,928,10,10,https://blazedemo.com/purchase.php,410,0,0
1732356043611,410,PurchaseFlight,200,"Number of samples in transaction : 1, number of failing samples : 0",Thread Group 1-5,,true,,2620,928,10,10,null,0,0,0
1732356043611,410,PurchaseFlight,200,OK,Thread Group 1-5,text,true,,2620,928,10,10,https://blazedemo.com/purchase.php,405,0,0
1732356043621,408,PurchaseFlight,200,"Number of samples in transaction : 1, number of failing samples : 0",Thread Group 1-10,,true,,2681,928,10,10,null,0,2,0
1732356043622,408,PurchaseFlight,200,OK,Thread Group 1-10,text,true,,2681,928,10,10,https://blazedemo.com/purchase.php,405,0,0
1732356043632,440,PurchaseFlight,200,"Number of samples in transaction : 1, number of failing samples : 0",Thread Group 1-9,,true,,2450,928,10,10,null,0,3,0
1732356043633,440,PurchaseFlight,200,OK,Thread Group 1-9,text,true,,2450,928,10,10,https://blazedemo.com/purchase.php,431,0,0
1732356043674,405,PurchaseFlight,200,"Number of samples in transaction : 1, number of failing samples : 0",Thread Group 1-7,,true,,2449,928,10,10,null,0,0,0
1732356043674,405,PurchaseFlight,200,OK,Thread Group 1-7,text,true,,2449,928,10,10,https://blazedemo.com/purchase.php,402,0,0
1732356043673,431,PurchaseFlight,200,"Number of samples in transaction : 1, number of failing samples : 0",Thread Group 1-1,,true,,2441,928,10,10,null,0,1,0
1732356043673,431,PurchaseFlight,200,OK,Thread Group 1-1,text,true,,2441,928,10,10,https://blazedemo.com/purchase.php,428,0,0
1732356038545,485,Blazedemo,200,"Number of samples in transaction : 1, number of failing samples : 0",Thread Group 1-3,,true,,2294,689,10,10,null,0,5089,0
1732356043633,485,Homepage,200,OK,Thread Group 1-3,text,true,,2294,689,10,10,https://blazedemo.com/,482,0,0
1732356043708,410,PurchaseFlight,200,"Number of samples in transaction : 1, number of failing samples : 0",Thread Group 1-8,,true,,2693,928,10,10,null,0,2,0
1732356043709,410,PurchaseFlight,200,OK,Thread Group 1-8,text,true,,2693,928,10,10,https://blazedemo.com/purchase.php,410,0,0
1732356038518,598,Blazedemo,200,"Number of samples in transaction : 1, number of failing samples : 0",Thread Group 1-4,,true,,2309,689,10,10,null,0,5008,0
1732356043525,598,Homepage,200,OK,Thread Group 1-4,text,true,,2309,689,10,10,https://blazedemo.com/,596,0,0
1732356038558,559,Blazedemo,200,"Number of samples in transaction : 1, number of failing samples : 0",Thread Group 1-2,,true,,2306,689,10,10,null,0,5076,0
1732356043634,559,Homepage,200,OK,Thread Group 1-2,text,true,,2306,689,10,10,https://blazedemo.com/,556,0,0
1732356043988,405,EnterDetails,200,"Number of samples in transaction : 1, number of failing samples : 0",Thread Group 1-6,,true,,2450,1062,10,10,null,0,0,0
1732356043988,405,EnterDetails,200,OK,Thread Group 1-6,text,true,,2450,1062,10,10,https://blazedemo.com/confirmation.php,400,0,0
1732356044394,0,Debug Sampler,200,OK,Thread Group 1-6,text,true,,589,0,10,10,null,0,0,0
1732356044022,395,EnterDetails,200,"Number of samples in transaction : 1, number of failing samples : 0",Thread Group 1-5,,true,,2358,1062,10,10,null,0,2,0
1732356044023,395,EnterDetails,200,OK,Thread Group 1-5,text,true,,2358,1062,10,10,https://blazedemo.com/confirmation.php,394,0,0
1732356044420,0,Debug Sampler,200,OK,Thread Group 1-5,text,true,,588,0,10,10,null,0,0,0
1732356044032,399,EnterDetails,200,"Number of samples in transaction : 1, number of failing samples : 0",Thread Group 1-10,,true,,2414,1062,10,10,null,0,0,0
1732356044032,399,EnterDetails,200,OK,Thread Group 1-10,text,true,,2414,1062,10,10,https://blazedemo.com/confirmation.php,397,0,0
1732356044432,0,Debug Sampler,200,OK,Thread Group 1-10,text,true,,587,0,10,10,null,0,0,0
1732356044075,407,EnterDetails,200,"Number of samples in transaction : 1, number of failing samples : 0",Thread Group 1-9,,true,,2493,1062,10,10,null,0,3,0
1732356044077,407,EnterDetails,200,OK,Thread Group 1-9,text,true,,2493,1062,10,10,https://blazedemo.com/confirmation.php,403,0,0
1732356044485,0,Debug Sampler,200,OK,Thread Group 1-9,text,true,,587,0,10,10,null,0,0,0
1732356044080,424,EnterDetails,200,"Number of samples in transaction : 1, number of failing samples : 0",Thread Group 1-7,,true,,2390,1062,10,10,null,0,2,0
1732356044081,424,EnterDetails,200,OK,Thread Group 1-7,text,true,,2390,1062,10,10,https://blazedemo.com/confirmation.php,419,0,0
1732356044506,0,Debug Sampler,200,OK,Thread Group 1-7,text,true,,589,0,10,10,null,0,0,0
1732356044107,423,EnterDetails,200,"Number of samples in transaction : 1, number of failing samples : 0",Thread Group 1-1,,true,,2335,1062,10,10,null,0,1,0
1732356044108,423,EnterDetails,200,OK,Thread Group 1-1,text,true,,2335,1062,10,10,https://blazedemo.com/confirmation.php,420,0,0
1732356044533,0,Debug Sampler,200,OK,Thread Group 1-1,text,true,,587,0,10,10,null,0,0,0
1732356044120,430,EnterDetails,200,"Number of samples in transaction : 1, number of failing samples : 0",Thread Group 1-8,,true,,2257,1062,10,10,null,0,0,0
1732356044120,430,EnterDetails,200,OK,Thread Group 1-8,text,true,,2257,1062,10,10,https://blazedemo.com/confirmation.php,426,0,0
1732356044551,0,Debug Sampler,200,OK,Thread Group 1-8,text,true,,586,0,10,10,null,0,0,0
1732356044193,512,SearchFlights,200,"Number of samples in transaction : 1, number of failing samples : 0",Thread Group 1-2,,true,,2336,878,10,10,null,0,2,0
1732356044194,512,SearchFlights,200,OK,Thread Group 1-2,text,true,,2336,878,10,10,https://blazedemo.com/reserve.php,508,0,0
1732356044124,628,SearchFlights,200,"Number of samples in transaction : 1, number of failing samples : 0",Thread Group 1-4,,true,,2422,875,10,10,null,0,1,0
1732356044124,628,SearchFlights,200,OK,Thread Group 1-4,text,true,,2422,875,10,10,https://blazedemo.com/reserve.php,613,0,0
1732356044119,635,SearchFlights,200,"Number of samples in transaction : 1, number of failing samples : 0",Thread Group 1-3,,true,,2349,873,10,10,null,0,1,0
1732356044119,635,SearchFlights,200,OK,Thread Group 1-3,text,true,,2349,873,10,10,https://blazedemo.com/reserve.php,634,0,0
1732356044708,605,PurchaseFlight,200,"Number of samples in transaction : 1, number of failing samples : 0",Thread Group 1-2,,true,,2653,928,10,10,null,0,1,0
1732356044708,605,PurchaseFlight,200,OK,Thread Group 1-2,text,true,,2653,928,10,10,https://blazedemo.com/purchase.php,585,0,0
1732356044753,560,PurchaseFlight,200,"Number of samples in transaction : 1, number of failing samples : 0",Thread Group 1-4,,true,,2481,928,10,10,null,0,1,0
1732356044754,560,PurchaseFlight,200,OK,Thread Group 1-4,text,true,,2481,928,10,10,https://blazedemo.com/purchase.php,560,0,0
1732356044756,557,PurchaseFlight,200,"Number of samples in transaction : 1, number of failing samples : 0",Thread Group 1-3,,true,,2599,928,10,10,null,0,2,0
1732356044757,557,PurchaseFlight,200,OK,Thread Group 1-3,text,true,,2599,928,10,10,https://blazedemo.com/purchase.php,557,0,0
1732356045314,395,EnterDetails,200,"Number of samples in transaction : 1, number of failing samples : 0",Thread Group 1-4,,true,,2311,1062,10,10,null,0,2,0
1732356045315,395,EnterDetails,200,OK,Thread Group 1-4,text,true,,2311,1062,10,10,https://blazedemo.com/confirmation.php,393,0,0
1732356045711,0,Debug Sampler,200,OK,Thread Group 1-4,text,true,,589,0,10,10,null,0,0,0
1732356045315,409,EnterDetails,200,"Number of samples in transaction : 1, number of failing samples : 0",Thread Group 1-3,,true,,2499,1062,10,10,null,0,2,0
1732356045316,409,EnterDetails,200,OK,Thread Group 1-3,text,true,,2499,1062,10,10,https://blazedemo.com/confirmation.php,409,0,0
1732356045726,0,Debug Sampler,200,OK,Thread Group 1-3,text,true,,587,0,10,10,null,0,0,0
1732356045314,467,EnterDetails,200,"Number of samples in transaction : 1, number of failing samples : 0",Thread Group 1-2,,true,,2254,1062,10,10,null,0,0,0
1732356045314,467,EnterDetails,200,OK,Thread Group 1-2,text,true,,2254,1062,10,10,https://blazedemo.com/confirmation.php,464,0,0
1732356045782,0,Debug Sampler,200,OK,Thread Group 1-2,text,true,,587,0,10,10,null,0,0,0
1732356044399,426,Blazedemo,200,"Number of samples in transaction : 1, number of failing samples : 0",Thread Group 1-6,,true,,2342,689,10,10,null,0,5021,0
1732356049419,426,Homepage,200,OK,Thread Group 1-6,text,true,,2342,689,10,10,https://blazedemo.com/,423,0,0
1732356044424,427,Blazedemo,200,"Number of samples in transaction : 1, number of failing samples : 0",Thread Group 1-5,,true,,2362,689,10,10,null,0,5002,0
1732356049425,427,Homepage,200,OK,Thread Group 1-5,text,true,,2362,689,10,10,https://blazedemo.com/,425,0,0
1732356044437,425,Blazedemo,200,"Number of samples in transaction : 1, number of failing samples : 0",Thread Group 1-10,,true,,2323,689,10,10,null,0,5046,0
1732356049483,425,Homepage,200,OK,Thread Group 1-10,text,true,,2323,689,10,10,https://blazedemo.com/,422,0,0
1732356044487,404,Blazedemo,200,"Number of samples in transaction : 1, number of failing samples : 0",Thread Group 1-9,,true,,2411,689,10,10,null,0,5058,0
1732356049544,404,Homepage,200,OK,Thread Group 1-9,text,true,,2411,689,10,10,https://blazedemo.com/,395,0,0
1732356044507,432,Blazedemo,200,"Number of samples in transaction : 1, number of failing samples : 0",Thread Group 1-7,,true,,2313,689,10,10,null,0,5069,0
1732356049575,432,Homepage,200,OK,Thread Group 1-7,text,true,,2313,689,10,10,https://blazedemo.com/,421,0,0
1732356044535,400,Blazedemo,200,"Number of samples in transaction : 1, number of failing samples : 0",Thread Group 1-1,,true,,2398,689,10,10,null,0,5074,0
1732356049608,400,Homepage,200,OK,Thread Group 1-1,text,true,,2398,689,10,10,https://blazedemo.com/,387,0,0
1732356044552,406,Blazedemo,200,"Number of samples in transaction : 1, number of failing samples : 0",Thread Group 1-8,,true,,2330,689,10,10,null,0,5101,0
1732356049652,406,Homepage,200,OK,Thread Group 1-8,text,true,,2330,689,10,10,https://blazedemo.com/,404,0,0
1732356049853,416,SearchFlights,200,"Number of samples in transaction : 1, number of failing samples : 0",Thread Group 1-5,,true,,2456,872,10,10,null,0,2,0
1732356049855,416,SearchFlights,200,OK,Thread Group 1-5,text,true,,2456,872,10,10,https://blazedemo.com/reserve.php,415,0,0
1732356049846,420,SearchFlights,200,"Number of samples in transaction : 1, number of failing samples : 0",Thread Group 1-6,,true,,2343,875,10,10,null,0,6,0
1732356049851,420,SearchFlights,200,OK,Thread Group 1-6,text,true,,2343,875,10,10,https://blazedemo.com/reserve.php,419,0,0
1732356049909,416,SearchFlights,200,"Number of samples in transaction : 1, number of failing samples : 0",Thread Group 1-10,,true,,2459,873,10,10,null,0,0,0
1732356049909,416,SearchFlights,200,OK,Thread Group 1-10,text,true,,2459,873,10,10,https://blazedemo.com/reserve.php,404,0,0
1732356049949,400,SearchFlights,200,"Number of samples in transaction : 1, number of failing samples : 0",Thread Group 1-9,,true,,2364,875,10,10,null,0,1,0
1732356049950,400,SearchFlights,200,OK,Thread Group 1-9,text,true,,2364,875,10,10,https://blazedemo.com/reserve.php,397,0,0
1732356050009,406,SearchFlights,200,"Number of samples in transaction : 1, number of failing samples : 0",Thread Group 1-1,,true,,2478,875,10,10,null,0,6,0
1732356050014,406,SearchFlights,200,OK,Thread Group 1-1,text,true,,2478,875,10,10,https://blazedemo.com/reserve.php,403,0,0
1732356050008,424,SearchFlights,200,"Number of samples in transaction : 1, number of failing samples : 0",Thread Group 1-7,,true,,2495,878,10,10,null,0,2,0
1732356050009,424,SearchFlights,200,OK,Thread Group 1-7,text,true,,2495,878,10,10,https://blazedemo.com/reserve.php,412,0,0
1732356050059,420,SearchFlights,200,"Number of samples in transaction : 1, number of failing samples : 0",Thread Group 1-8,,true,,2356,872,10,10,null,0,3,0
1732356050061,420,SearchFlights,200,OK,Thread Group 1-8,text,true,,2356,872,10,10,https://blazedemo.com/reserve.php,406,0,0
1732356050272,409,PurchaseFlight,200,"Number of samples in transaction : 1, number of failing samples : 0",Thread Group 1-6,,true,,2470,928,10,10,null,0,2,0
1732356050273,409,PurchaseFlight,200,OK,Thread Group 1-6,text,true,,2470,928,10,10,https://blazedemo.com/purchase.php,408,0,0
1732356050272,412,PurchaseFlight,200,"Number of samples in transaction : 1, number of failing samples : 0",Thread Group 1-5,,true,,2449,928,10,10,null,0,2,0
1732356050273,412,PurchaseFlight,200,OK,Thread Group 1-5,text,true,,2449,928,10,10,https://blazedemo.com/purchase.php,408,0,0
1732356050326,390,PurchaseFlight,200,"Number of samples in transaction : 1, number of failing samples : 0",Thread Group 1-10,,true,,2473,928,10,10,null,0,1,0
1732356050327,390,PurchaseFlight,200,OK,Thread Group 1-10,text,true,,2473,928,10,10,https://blazedemo.com/purchase.php,389,0,0
1732356050351,398,PurchaseFlight,200,"Number of samples in transaction : 1, number of failing samples : 0",Thread Group 1-9,,true,,2507,928,10,10,null,0,1,0
1732356050351,398,PurchaseFlight,200,OK,Thread Group 1-9,text,true,,2507,928,10,10,https://blazedemo.com/purchase.php,392,0,0
1732356050422,405,PurchaseFlight,200,"Number of samples in transaction : 1, number of failing samples : 0",Thread Group 1-1,,true,,2655,928,10,10,null,0,0,0
1732356050422,405,PurchaseFlight,200,OK,Thread Group 1-1,text,true,,2655,928,10,10,https://blazedemo.com/purchase.php,396,0,0
1732356050434,421,PurchaseFlight,200,"Number of samples in transaction : 1, number of failing samples : 0",Thread Group 1-7,,true,,2478,928,10,10,null,0,2,0
1732356050435,421,PurchaseFlight,200,OK,Thread Group 1-7,text,true,,2478,928,10,10,https://blazedemo.com/purchase.php,406,0,0
1732356050483,399,PurchaseFlight,200,"Number of samples in transaction : 1, number of failing samples : 0",Thread Group 1-8,,true,,2616,928,10,10,null,0,0,0
1732356050483,399,PurchaseFlight,200,OK,Thread Group 1-8,text,true,,2616,928,10,10,https://blazedemo.com/purchase.php,395,0,0
1732356050686,409,EnterDetails,200,"Number of samples in transaction : 1, number of failing samples : 0",Thread Group 1-5,,true,,2426,1062,10,10,null,0,2,0
1732356050687,409,EnterDetails,200,OK,Thread Group 1-5,text,true,,2426,1062,10,10,https://blazedemo.com/confirmation.php,394,0,0
1732356051098,1,Debug Sampler,200,OK,Thread Group 1-5,text,true,,585,0,10,10,null,0,0,0
1732356050683,414,EnterDetails,200,"Number of samples in transaction : 1, number of failing samples : 0",Thread Group 1-6,,true,,2430,1062,10,10,null,0,2,0
1732356050684,414,EnterDetails,200,OK,Thread Group 1-6,text,true,,2430,1062,10,10,https://blazedemo.com/confirmation.php,413,0,0
1732356051099,3,Debug Sampler,200,OK,Thread Group 1-6,text,true,,589,0,10,10,null,0,0,0
1732356050717,408,EnterDetails,200,"Number of samples in transaction : 1, number of failing samples : 0",Thread Group 1-10,,true,,2338,1062,10,10,null,0,1,0
1732356050718,408,EnterDetails,200,OK,Thread Group 1-10,text,true,,2338,1062,10,10,https://blazedemo.com/confirmation.php,406,0,0
1732356051127,0,Debug Sampler,200,OK,Thread Group 1-10,text,true,,588,0,10,10,null,0,0,0
1732356050750,397,EnterDetails,200,"Number of samples in transaction : 1, number of failing samples : 0",Thread Group 1-9,,true,,2352,1062,10,10,null,0,2,0
1732356050751,397,EnterDetails,200,OK,Thread Group 1-9,text,true,,2352,1062,10,10,https://blazedemo.com/confirmation.php,396,0,0
1732356051149,1,Debug Sampler,200,OK,Thread Group 1-9,text,true,,589,0,10,10,null,0,0,0
1732356050857,388,EnterDetails,200,"Number of samples in transaction : 1, number of failing samples : 0",Thread Group 1-7,,true,,2310,1062,10,10,null,0,1,0
1732356050857,388,EnterDetails,200,OK,Thread Group 1-7,text,true,,2310,1062,10,10,https://blazedemo.com/confirmation.php,387,0,0
1732356051246,0,Debug Sampler,200,OK,Thread Group 1-7,text,true,,587,0,10,10,null,0,0,0
1732356050828,437,EnterDetails,200,"Number of samples in transaction : 1, number of failing samples : 0",Thread Group 1-1,,true,,2315,1062,10,10,null,0,1,0
1732356050828,437,EnterDetails,200,OK,Thread Group 1-1,text,true,,2315,1062,10,10,https://blazedemo.com/confirmation.php,432,0,0
1732356051266,1,Debug Sampler,200,OK,Thread Group 1-1,text,true,,589,0,10,10,null,0,0,0
1732356050882,385,EnterDetails,200,"Number of samples in transaction : 1, number of failing samples : 0",Thread Group 1-8,,true,,2490,1062,10,10,null,0,2,0
1732356050883,385,EnterDetails,200,OK,Thread Group 1-8,text,true,,2490,1062,10,10,https://blazedemo.com/confirmation.php,384,0,0
1732356051269,0,Debug Sampler,200,OK,Thread Group 1-8,text,true,,586,0,10,10,null,0,0,0
1732356045728,548,Blazedemo,200,"Number of samples in transaction : 1, number of failing samples : 0",Thread Group 1-3,,true,,2232,689,10,10,null,0,5082,0
1732356050809,548,Homepage,200,OK,Thread Group 1-3,text,true,,2232,689,10,10,https://blazedemo.com/,534,0,0
1732356045713,613,Blazedemo,200,"Number of samples in transaction : 1, number of failing samples : 0",Thread Group 1-4,,true,,2324,689,10,10,null,0,5033,0
1732356050746,613,Homepage,200,OK,Thread Group 1-4,text,true,,2324,689,10,10,https://blazedemo.com/,612,0,0
1732356045783,555,Blazedemo,200,"Number of samples in transaction : 1, number of failing samples : 0",Thread Group 1-2,,true,,2186,689,10,10,null,0,5022,0
1732356050804,555,Homepage,200,OK,Thread Group 1-2,text,true,,2186,689,10,10,https://blazedemo.com/,554,0,0
1732356051360,566,SearchFlights,200,"Number of samples in transaction : 1, number of failing samples : 0",Thread Group 1-2,,true,,2478,878,10,10,null,0,2,0
1732356051361,566,SearchFlights,200,OK,Thread Group 1-2,text,true,,2478,878,10,10,https://blazedemo.com/reserve.php,562,0,0
1732356051360,581,SearchFlights,200,"Number of samples in transaction : 1, number of failing samples : 0",Thread Group 1-4,,true,,2405,875,10,10,null,0,1,0
1732356051361,581,SearchFlights,200,OK,Thread Group 1-4,text,true,,2405,875,10,10,https://blazedemo.com/reserve.php,577,0,0
1732356051359,590,SearchFlights,200,"Number of samples in transaction : 1, number of failing samples : 0",Thread Group 1-3,,true,,2491,873,10,10,null,0,1,0
1732356051360,590,SearchFlights,200,OK,Thread Group 1-3,text,true,,2491,873,10,10,https://blazedemo.com/reserve.php,586,0,0
1732356051942,404,PurchaseFlight,200,"Number of samples in transaction : 1, number of failing samples : 0",Thread Group 1-4,,true,,2454,928,10,10,null,0,0,0
1732356051942,404,PurchaseFlight,200,OK,Thread Group 1-4,text,true,,2454,928,10,10,https://blazedemo.com/purchase.php,403,0,0
1732356051928,435,PurchaseFlight,200,"Number of samples in transaction : 1, number of failing samples : 0",Thread Group 1-2,,true,,2517,928,10,10,null,0,0,0
1732356051928,435,PurchaseFlight,200,OK,Thread Group 1-2,text,true,,2517,928,10,10,https://blazedemo.com/purchase.php,432,0,0
1732356051950,435,PurchaseFlight,200,"Number of samples in transaction : 1, number of failing samples : 0",Thread Group 1-3,,true,,2643,928,10,10,null,0,1,0
1732356051951,435,PurchaseFlight,200,OK,Thread Group 1-3,text,true,,2643,928,10,10,https://blazedemo.com/purchase.php,430,0,0
1732356052347,401,EnterDetails,200,"Number of samples in transaction : 1, number of failing samples : 0",Thread Group 1-4,,true,,2253,1062,10,10,null,0,2,0
1732356052348,401,EnterDetails,200,OK,Thread Group 1-4,text,true,,2253,1062,10,10,https://blazedemo.com/confirmation.php,399,0,0
1732356052750,1,Debug Sampler,200,OK,Thread Group 1-4,text,true,,589,0,10,10,null,0,0,0
1732356052364,398,EnterDetails,200,"Number of samples in transaction : 1, number of failing samples : 0",Thread Group 1-2,,true,,2432,1062,10,10,null,0,1,0
1732356052364,398,EnterDetails,200,OK,Thread Group 1-2,text,true,,2432,1062,10,10,https://blazedemo.com/confirmation.php,396,0,0
1732356052763,1,Debug Sampler,200,OK,Thread Group 1-2,text,true,,587,0,10,10,null,0,0,0
1732356052387,400,EnterDetails,200,"Number of samples in transaction : 1, number of failing samples : 0",Thread Group 1-3,,true,,2353,1062,10,10,null,0,0,0
1732356052387,400,EnterDetails,200,OK,Thread Group 1-3,text,true,,2353,1062,10,10,https://blazedemo.com/confirmation.php,399,0,0
1732356052787,0,Debug Sampler,200,OK,Thread Group 1-3,text,true,,587,0,10,10,null,0,0,0
1732356051269,481,Blazedemo,200,"Number of samples in transaction : 1, number of failing samples : 0",Thread Group 1-1,,true,,2175,689,10,10,null,0,5022,0
1732356056291,481,Homepage,200,OK,Thread Group 1-1,text,true,,2175,689,10,10,https://blazedemo.com/,476,0,0
1732356051271,466,Blazedemo,200,"Number of samples in transaction : 1, number of failing samples : 0",Thread Group 1-8,,true,,2308,689,10,10,null,0,5053,0
1732356056324,466,Homepage,200,OK,Thread Group 1-8,text,true,,2308,689,10,10,https://blazedemo.com/,465,0,0
1732356051154,610,Blazedemo,200,"Number of samples in transaction : 1, number of failing samples : 0",Thread Group 1-9,,true,,2194,689,10,10,null,0,5039,0
1732356056192,610,Homepage,200,OK,Thread Group 1-9,text,true,,2194,689,10,10,https://blazedemo.com/,610,0,0
1732356051249,462,Blazedemo,200,"Number of samples in transaction : 1, number of failing samples : 0",Thread Group 1-7,,true,,2225,689,10,10,null,0,5093,0
1732356056342,462,Homepage,200,OK,Thread Group 1-7,text,true,,2225,689,10,10,https://blazedemo.com/,460,0,0
1732356051107,673,Blazedemo,200,"Number of samples in transaction : 1, number of failing samples : 0",Thread Group 1-6,,true,,2412,689,10,10,null,0,5042,0
1732356051103,641,Blazedemo,200,"Number of samples in transaction : 1, number of failing samples : 0",Thread Group 1-5,,true,,2275,689,10,10,null,0,5078,0
1732356051131,603,Blazedemo,200,"Number of samples in transaction : 1, number of failing samples : 0",Thread Group 1-10,,true,,2304,689,10,10,null,0,5088,0
1732356056181,641,Homepage,200,OK,Thread Group 1-5,text,true,,2275,689,10,10,https://blazedemo.com/,641,0,0
1732356056149,673,Homepage,200,OK,Thread Group 1-6,text,true,,2412,689,10,10,https://blazedemo.com/,673,0,0
1732356056219,603,Homepage,200,OK,Thread Group 1-10,text,true,,2304,689,10,10,https://blazedemo.com/,603,0,0
1732356056772,394,SearchFlights,200,"Number of samples in transaction : 1, number of failing samples : 0",Thread Group 1-1,,true,,2391,875,10,10,null,0,2,0
1732356056774,394,SearchFlights,200,OK,Thread Group 1-1,text,true,,2391,875,10,10,https://blazedemo.com/reserve.php,391,0,0
1732356056791,407,SearchFlights,200,"Number of samples in transaction : 1, number of failing samples : 0",Thread Group 1-8,,true,,2360,872,10,10,null,0,1,0
1732356056791,407,SearchFlights,200,OK,Thread Group 1-8,text,true,,2360,872,10,10,https://blazedemo.com/reserve.php,403,0,0
1732356056804,410,SearchFlights,200,"Number of samples in transaction : 1, number of failing samples : 0",Thread Group 1-7,,true,,2436,875,10,10,null,0,2,0
1732356056805,410,SearchFlights,200,OK,Thread Group 1-7,text,true,,2436,875,10,10,https://blazedemo.com/reserve.php,407,0,0
1732356056823,403,SearchFlights,200,"Number of samples in transaction : 1, number of failing samples : 0",Thread Group 1-10,,true,,2246,872,10,10,null,0,1,0
1732356056824,403,SearchFlights,200,OK,Thread Group 1-10,text,true,,2246,872,10,10,https://blazedemo.com/reserve.php,398,0,0
1732356056823,417,SearchFlights,200,"Number of samples in transaction : 1, number of failing samples : 0",Thread Group 1-6,,true,,2417,878,10,10,null,0,0,0
1732356056823,417,SearchFlights,200,OK,Thread Group 1-6,text,true,,2417,878,10,10,https://blazedemo.com/reserve.php,403,0,0
1732356056823,417,SearchFlights,200,"Number of samples in transaction : 1, number of failing samples : 0",Thread Group 1-5,,true,,2287,875,10,10,null,0,1,0
1732356056824,417,SearchFlights,200,OK,Thread Group 1-5,text,true,,2287,875,10,10,https://blazedemo.com/reserve.php,416,0,0
1732356056803,468,SearchFlights,200,"Number of samples in transaction : 1, number of failing samples : 0",Thread Group 1-9,,true,,2400,873,10,10,null,0,0,0
1732356056803,468,SearchFlights,200,OK,Thread Group 1-9,text,true,,2400,873,10,10,https://blazedemo.com/reserve.php,453,0,0
1732356057169,398,PurchaseFlight,200,"Number of samples in transaction : 1, number of failing samples : 0",Thread Group 1-1,,true,,2621,928,10,10,null,0,1,0
1732356057170,398,PurchaseFlight,200,OK,Thread Group 1-1,text,true,,2621,928,10,10,https://blazedemo.com/purchase.php,393,0,0
1732356057200,418,PurchaseFlight,200,"Number of samples in transaction : 1, number of failing samples : 0",Thread Group 1-8,,true,,2655,928,10,10,null,0,2,0
1732356057201,418,PurchaseFlight,200,OK,Thread Group 1-8,text,true,,2655,928,10,10,https://blazedemo.com/purchase.php,417,0,0
1732356057227,394,PurchaseFlight,200,"Number of samples in transaction : 1, number of failing samples : 0",Thread Group 1-10,,true,,2519,928,10,10,null,0,2,0
1732356057228,394,PurchaseFlight,200,OK,Thread Group 1-10,text,true,,2519,928,10,10,https://blazedemo.com/purchase.php,392,0,0
1732356057242,406,PurchaseFlight,200,"Number of samples in transaction : 1, number of failing samples : 0",Thread Group 1-5,,true,,2608,928,10,10,null,0,1,0
1732356057242,406,PurchaseFlight,200,OK,Thread Group 1-5,text,true,,2608,928,10,10,https://blazedemo.com/purchase.php,401,0,0
1732356057241,409,PurchaseFlight,200,"Number of samples in transaction : 1, number of failing samples : 0",Thread Group 1-6,,true,,2498,928,10,10,null,0,1,0
1732356057241,409,PurchaseFlight,200,OK,Thread Group 1-6,text,true,,2498,928,10,10,https://blazedemo.com/purchase.php,404,0,0
1732356057217,435,PurchaseFlight,200,"Number of samples in transaction : 1, number of failing samples : 0",Thread Group 1-7,,true,,2475,928,10,10,null,0,1,0
1732356057217,435,PurchaseFlight,200,OK,Thread Group 1-7,text,true,,2475,928,10,10,https://blazedemo.com/purchase.php,429,0,0
1732356057271,391,PurchaseFlight,200,"Number of samples in transaction : 1, number of failing samples : 0",Thread Group 1-9,,true,,2569,928,10,10,null,0,2,0
1732356057272,391,PurchaseFlight,200,OK,Thread Group 1-9,text,true,,2569,928,10,10,https://blazedemo.com/purchase.php,390,0,0
1732356057568,433,EnterDetails,200,"Number of samples in transaction : 1, number of failing samples : 0",Thread Group 1-1,,true,,2352,1062,10,10,null,0,1,0
1732356057569,433,EnterDetails,200,OK,Thread Group 1-1,text,true,,2352,1062,10,10,https://blazedemo.com/confirmation.php,429,0,0
1732356058002,1,Debug Sampler,200,OK,Thread Group 1-1,text,true,,589,0,10,10,null,0,0,0
1732356057620,416,EnterDetails,200,"Number of samples in transaction : 1, number of failing samples : 0",Thread Group 1-8,,true,,2466,1062,10,10,null,0,1,0
1732356057621,416,EnterDetails,200,OK,Thread Group 1-8,text,true,,2466,1062,10,10,https://blazedemo.com/confirmation.php,414,0,0
1732356058038,0,Debug Sampler,200,OK,Thread Group 1-8,text,true,,586,0,10,10,null,0,0,0
1732356057623,437,EnterDetails,200,"Number of samples in transaction : 1, number of failing samples : 0",Thread Group 1-10,,true,,2365,1062,10,10,null,0,1,0
1732356057624,437,EnterDetails,200,OK,Thread Group 1-10,text,true,,2365,1062,10,10,https://blazedemo.com/confirmation.php,421,0,0
1732356058062,0,Debug Sampler,200,OK,Thread Group 1-10,text,true,,587,0,10,10,null,0,0,0
1732356057650,411,EnterDetails,200,"Number of samples in transaction : 1, number of failing samples : 0",Thread Group 1-5,,true,,2322,1062,10,10,null,0,1,0
1732356057651,411,EnterDetails,200,OK,Thread Group 1-5,text,true,,2322,1062,10,10,https://blazedemo.com/confirmation.php,410,0,0
1732356058062,0,Debug Sampler,200,OK,Thread Group 1-5,text,true,,588,0,10,10,null,0,0,0
1732356057651,410,EnterDetails,200,"Number of samples in transaction : 1, number of failing samples : 0",Thread Group 1-6,,true,,2377,1062,10,10,null,0,2,0
1732356057652,410,EnterDetails,200,OK,Thread Group 1-6,text,true,,2377,1062,10,10,https://blazedemo.com/confirmation.php,410,0,0
1732356058063,0,Debug Sampler,200,OK,Thread Group 1-6,text,true,,587,0,10,10,null,0,0,0
1732356057664,411,EnterDetails,200,"Number of samples in transaction : 1, number of failing samples : 0",Thread Group 1-9,,true,,2342,1062,10,10,null,0,1,0
1732356057665,411,EnterDetails,200,OK,Thread Group 1-9,text,true,,2342,1062,10,10,https://blazedemo.com/confirmation.php,410,0,0
1732356058076,0,Debug Sampler,200,OK,Thread Group 1-9,text,true,,587,0,10,10,null,0,0,0
1732356057653,423,EnterDetails,200,"Number of samples in transaction : 1, number of failing samples : 0",Thread Group 1-7,,true,,2504,1062,10,10,null,0,2,0
1732356057654,423,EnterDetails,200,OK,Thread Group 1-7,text,true,,2504,1062,10,10,https://blazedemo.com/confirmation.php,422,0,0
1732356058078,0,Debug Sampler,200,OK,Thread Group 1-7,text,true,,589,0,10,10,null,0,0,0
1732356052788,617,Blazedemo,200,"Number of samples in transaction : 1, number of failing samples : 0",Thread Group 1-3,,true,,2221,689,10,10,null,0,5022,0
1732356057809,617,Homepage,200,OK,Thread Group 1-3,text,true,,2221,689,10,10,https://blazedemo.com/,617,0,0
1732356052753,650,Blazedemo,200,"Number of samples in transaction : 1, number of failing samples : 0",Thread Group 1-4,,true,,2223,689,10,10,null,0,5024,0
1732356057777,650,Homepage,200,OK,Thread Group 1-4,text,true,,2223,689,10,10,https://blazedemo.com/,649,0,0
1732356052766,587,Blazedemo,200,"Number of samples in transaction : 1, number of failing samples : 0",Thread Group 1-2,,true,,2394,689,10,10,null,0,5091,0
1732356057856,587,Homepage,200,OK,Thread Group 1-2,text,true,,2394,689,10,10,https://blazedemo.com/,585,0,0
1732356058428,592,SearchFlights,200,"Number of samples in transaction : 1, number of failing samples : 0",Thread Group 1-4,,true,,2348,875,10,10,null,0,0,0
1732356058428,592,SearchFlights,200,OK,Thread Group 1-4,text,true,,2348,875,10,10,https://blazedemo.com/reserve.php,591,0,0
1732356058427,625,SearchFlights,200,"Number of samples in transaction : 1, number of failing samples : 0",Thread Group 1-3,,true,,2442,873,10,10,null,0,1,0
1732356058428,625,SearchFlights,200,OK,Thread Group 1-3,text,true,,2442,873,10,10,https://blazedemo.com/reserve.php,622,0,0
1732356058444,620,SearchFlights,200,"Number of samples in transaction : 1, number of failing samples : 0",Thread Group 1-2,,true,,2376,878,10,10,null,0,1,0
1732356058445,620,SearchFlights,200,OK,Thread Group 1-2,text,true,,2376,878,10,10,https://blazedemo.com/reserve.php,616,0,0
1732356059021,398,PurchaseFlight,200,"Number of samples in transaction : 1, number of failing samples : 0",Thread Group 1-4,,true,,2569,928,10,10,null,0,0,0
1732356059021,398,PurchaseFlight,200,OK,Thread Group 1-4,text,true,,2569,928,10,10,https://blazedemo.com/purchase.php,397,0,0
1732356059053,407,PurchaseFlight,200,"Number of samples in transaction : 1, number of failing samples : 0",Thread Group 1-3,,true,,2680,928,10,10,null,0,1,0
1732356059053,407,PurchaseFlight,200,OK,Thread Group 1-3,text,true,,2680,928,10,10,https://blazedemo.com/purchase.php,404,0,0
1732356059065,425,PurchaseFlight,200,"Number of samples in transaction : 1, number of failing samples : 0",Thread Group 1-2,,true,,2523,928,10,10,null,0,2,0
1732356059066,425,PurchaseFlight,200,OK,Thread Group 1-2,text,true,,2523,928,10,10,https://blazedemo.com/purchase.php,420,0,0
1732356059419,398,EnterDetails,200,"Number of samples in transaction : 1, number of failing samples : 0",Thread Group 1-4,,true,,2454,1062,10,10,null,0,2,0
1732356059420,398,EnterDetails,200,OK,Thread Group 1-4,text,true,,2454,1062,10,10,https://blazedemo.com/confirmation.php,396,0,0
1732356059819,1,Debug Sampler,200,OK,Thread Group 1-4,text,true,,589,0,10,10,null,0,0,0
1732356059461,420,EnterDetails,200,"Number of samples in transaction : 1, number of failing samples : 0",Thread Group 1-3,,true,,2300,1062,10,10,null,0,2,0
1732356059462,420,EnterDetails,200,OK,Thread Group 1-3,text,true,,2300,1062,10,10,https://blazedemo.com/confirmation.php,407,0,0
1732356059884,0,Debug Sampler,200,OK,Thread Group 1-3,text,true,,587,0,10,10,null,0,0,0
1732356059492,395,EnterDetails,200,"Number of samples in transaction : 1, number of failing samples : 0",Thread Group 1-2,,true,,2426,1062,10,10,null,0,1,0
1732356059493,395,EnterDetails,200,OK,Thread Group 1-2,text,true,,2426,1062,10,10,https://blazedemo.com/confirmation.php,394,0,0
1732356059889,0,Debug Sampler,200,OK,Thread Group 1-2,text,true,,587,0,10,10,null,0,0,0
1732356058077,569,Blazedemo,200,"Number of samples in transaction : 1, number of failing samples : 0",Thread Group 1-9,,true,,2226,689,10,10,null,0,5028,0
1732356063105,569,Homepage,200,OK,Thread Group 1-9,text,true,,2226,689,10,10,https://blazedemo.com/,569,0,0
1732356058063,569,Blazedemo,200,"Number of samples in transaction : 1, number of failing samples : 0",Thread Group 1-5,,true,,2385,689,10,10,null,0,5042,0
1732356063105,569,Homepage,200,OK,Thread Group 1-5,text,true,,2385,689,10,10,https://blazedemo.com/,569,0,0
1732356058039,622,Blazedemo,200,"Number of samples in transaction : 1, number of failing samples : 0",Thread Group 1-8,,true,,2239,689,10,10,null,0,5031,0
1732356058063,574,Blazedemo,200,"Number of samples in transaction : 1, number of failing samples : 0",Thread Group 1-10,,true,,2307,689,10,10,null,0,5055,0
1732356063070,622,Homepage,200,OK,Thread Group 1-8,text,true,,2239,689,10,10,https://blazedemo.com/,615,0,0
1732356063118,574,Homepage,200,OK,Thread Group 1-10,text,true,,2307,689,10,10,https://blazedemo.com/,574,0,0
1732356058004,642,Blazedemo,200,"Number of samples in transaction : 1, number of failing samples : 0",Thread Group 1-1,,true,,2259,689,10,10,null,0,5050,0
1732356063053,642,Homepage,200,OK,Thread Group 1-1,text,true,,2259,689,10,10,https://blazedemo.com/,639,0,0
1732356058064,572,Blazedemo,200,"Number of samples in transaction : 1, number of failing samples : 0",Thread Group 1-6,,true,,2378,689,10,10,null,0,5077,0
1732356063141,572,Homepage,200,OK,Thread Group 1-6,text,true,,2378,689,10,10,https://blazedemo.com/,567,0,0
1732356058088,569,Blazedemo,200,"Number of samples in transaction : 1, number of failing samples : 0",Thread Group 1-7,,true,,2363,689,10,10,null,0,5056,0
1732356063144,569,Homepage,200,OK,Thread Group 1-7,text,true,,2363,689,10,10,https://blazedemo.com/,569,0,0
1732356063713,386,SearchFlights,200,"Number of samples in transaction : 1, number of failing samples : 0",Thread Group 1-7,,true,,2317,872,10,10,null,0,2,0
1732356063714,386,SearchFlights,200,OK,Thread Group 1-7,text,true,,2317,872,10,10,https://blazedemo.com/reserve.php,383,0,0
1732356063675,430,SearchFlights,200,"Number of samples in transaction : 1, number of failing samples : 0",Thread Group 1-5,,true,,2320,872,10,10,null,0,1,0
1732356063675,430,SearchFlights,200,OK,Thread Group 1-5,text,true,,2320,872,10,10,https://blazedemo.com/reserve.php,428,0,0
1732356063692,429,SearchFlights,200,"Number of samples in transaction : 1, number of failing samples : 0",Thread Group 1-10,,true,,2414,873,10,10,null,0,2,0
1732356063693,429,SearchFlights,200,OK,Thread Group 1-10,text,true,,2414,873,10,10,https://blazedemo.com/reserve.php,424,0,0
1732356063713,425,SearchFlights,200,"Number of samples in transaction : 1, number of failing samples : 0",Thread Group 1-6,,true,,2284,875,10,10,null,0,2,0
1732356063714,425,SearchFlights,200,OK,Thread Group 1-6,text,true,,2284,875,10,10,https://blazedemo.com/reserve.php,425,0,0
1732356063692,446,SearchFlights,200,"Number of samples in transaction : 1, number of failing samples : 0",Thread Group 1-8,,true,,2443,875,10,10,null,0,2,0
1732356063693,446,SearchFlights,200,OK,Thread Group 1-8,text,true,,2443,875,10,10,https://blazedemo.com/reserve.php,433,0,0
1732356063696,445,SearchFlights,200,"Number of samples in transaction : 1, number of failing samples : 0",Thread Group 1-1,,true,,2479,878,10,10,null,0,0,0
1732356063696,445,SearchFlights,200,OK,Thread Group 1-1,text,true,,2479,878,10,10,https://blazedemo.com/reserve.php,443,0,0
1732356063674,467,SearchFlights,200,"Number of samples in transaction : 1, number of failing samples : 0",Thread Group 1-9,,true,,2400,875,10,10,null,0,1,0
1732356063675,467,SearchFlights,200,OK,Thread Group 1-9,text,true,,2400,875,10,10,https://blazedemo.com/reserve.php,454,0,0
1732356064101,410,PurchaseFlight,200,"Number of samples in transaction : 1, number of failing samples : 0",Thread Group 1-7,,true,,2535,928,10,10,null,0,2,0
1732356064102,410,PurchaseFlight,200,OK,Thread Group 1-7,text,true,,2535,928,10,10,https://blazedemo.com/purchase.php,410,0,0
1732356064106,407,PurchaseFlight,200,"Number of samples in transaction : 1, number of failing samples : 0",Thread Group 1-5,,true,,2690,928,10,10,null,0,2,0
1732356064107,407,PurchaseFlight,200,OK,Thread Group 1-5,text,true,,2690,928,10,10,https://blazedemo.com/purchase.php,406,0,0
1732356064123,406,PurchaseFlight,200,"Number of samples in transaction : 1, number of failing samples : 0",Thread Group 1-10,,true,,2677,928,10,10,null,0,2,0
1732356064124,406,PurchaseFlight,200,OK,Thread Group 1-10,text,true,,2677,928,10,10,https://blazedemo.com/purchase.php,401,0,0
1732356064140,405,PurchaseFlight,200,"Number of samples in transaction : 1, number of failing samples : 0",Thread Group 1-6,,true,,2657,928,10,10,null,0,1,0
1732356064140,405,PurchaseFlight,200,OK,Thread Group 1-6,text,true,,2657,928,10,10,https://blazedemo.com/purchase.php,401,0,0
1732356064140,414,PurchaseFlight,200,"Number of samples in transaction : 1, number of failing samples : 0",Thread Group 1-8,,true,,2503,928,10,10,null,0,1,0
1732356064141,414,PurchaseFlight,200,OK,Thread Group 1-8,text,true,,2503,928,10,10,https://blazedemo.com/purchase.php,408,0,0
1732356064142,421,PurchaseFlight,200,"Number of samples in transaction : 1, number of failing samples : 0",Thread Group 1-1,,true,,2507,928,10,10,null,0,0,0
1732356064142,421,PurchaseFlight,200,OK,Thread Group 1-1,text,true,,2507,928,10,10,https://blazedemo.com/purchase.php,420,0,0
1732356064142,423,PurchaseFlight,200,"Number of samples in transaction : 1, number of failing samples : 0",Thread Group 1-9,,true,,2462,928,10,10,null,0,1,0
1732356064142,423,PurchaseFlight,200,OK,Thread Group 1-9,text,true,,2462,928,10,10,https://blazedemo.com/purchase.php,420,0,0
1732356064516,383,EnterDetails,200,"Number of samples in transaction : 1, number of failing samples : 0",Thread Group 1-5,,true,,2255,1062,10,10,null,0,0,0
1732356064516,383,EnterDetails,200,OK,Thread Group 1-5,text,true,,2255,1062,10,10,https://blazedemo.com/confirmation.php,381,0,0
1732356064900,0,Debug Sampler,200,OK,Thread Group 1-5,text,true,,585,0,10,10,null,0,0,0
1732356064532,400,EnterDetails,200,"Number of samples in transaction : 1, number of failing samples : 0",Thread Group 1-10,,true,,2368,1062,9,9,null,0,1,0
1732356064532,400,EnterDetails,200,OK,Thread Group 1-10,text,true,,2368,1062,9,9,https://blazedemo.com/confirmation.php,384,0,0
1732356064933,1,Debug Sampler,200,OK,Thread Group 1-10,text,true,,588,0,9,9,null,0,0,0
1732356064514,420,EnterDetails,200,"Number of samples in transaction : 1, number of failing samples : 0",Thread Group 1-7,,true,,2403,1062,9,9,null,0,1,0
1732356064514,420,EnterDetails,200,OK,Thread Group 1-7,text,true,,2403,1062,9,9,https://blazedemo.com/confirmation.php,419,0,0
1732356064546,388,EnterDetails,200,"Number of samples in transaction : 1, number of failing samples : 0",Thread Group 1-6,,true,,2436,1062,9,9,null,0,2,0
1732356064547,388,EnterDetails,200,OK,Thread Group 1-6,text,true,,2436,1062,9,9,https://blazedemo.com/confirmation.php,387,0,0
1732356064936,0,Debug Sampler,200,OK,Thread Group 1-7,text,true,,586,0,9,9,null,0,0,0
1732356064937,1,Debug Sampler,200,OK,Thread Group 1-6,text,true,,589,0,8,8,null,0,0,0
1732356064556,408,EnterDetails,200,"Number of samples in transaction : 1, number of failing samples : 0",Thread Group 1-8,,true,,2286,1062,6,6,null,0,1,0
1732356064556,408,EnterDetails,200,OK,Thread Group 1-8,text,true,,2286,1062,6,6,https://blazedemo.com/confirmation.php,405,0,0
1732356064966,0,Debug Sampler,200,OK,Thread Group 1-8,text,true,,589,0,6,6,null,0,0,0
1732356064564,409,EnterDetails,200,"Number of samples in transaction : 1, number of failing samples : 0",Thread Group 1-1,,true,,2326,1062,5,5,null,0,0,0
1732356064564,409,EnterDetails,200,OK,Thread Group 1-1,text,true,,2326,1062,5,5,https://blazedemo.com/confirmation.php,408,0,0
1732356064974,0,Debug Sampler,200,OK,Thread Group 1-1,text,true,,587,0,5,5,null,0,0,0
1732356064566,409,EnterDetails,200,"Number of samples in transaction : 1, number of failing samples : 0",Thread Group 1-9,,true,,2261,1062,5,5,null,0,1,0
1732356064566,409,EnterDetails,200,OK,Thread Group 1-9,text,true,,2261,1062,5,5,https://blazedemo.com/confirmation.php,406,0,0
1732356064977,1,Debug Sampler,200,OK,Thread Group 1-9,text,true,,589,0,4,4,null,0,0,0
1732356059886,585,Blazedemo,200,"Number of samples in transaction : 1, number of failing samples : 0",Thread Group 1-3,,true,,2349,689,3,3,null,0,5021,0
1732356064907,585,Homepage,200,OK,Thread Group 1-3,text,true,,2349,689,3,3,https://blazedemo.com/,570,0,0
1732356059821,616,Blazedemo,200,"Number of samples in transaction : 1, number of failing samples : 0",Thread Group 1-4,,true,,2308,689,3,3,null,0,5067,0
1732356064887,616,Homepage,200,OK,Thread Group 1-4,text,true,,2308,689,3,3,https://blazedemo.com/,615,0,0
1732356059891,566,Blazedemo,200,"Number of samples in transaction : 1, number of failing samples : 0",Thread Group 1-2,,true,,2399,689,3,3,null,0,5049,0
1732356064939,566,Homepage,200,OK,Thread Group 1-2,text,true,,2399,689,3,3,https://blazedemo.com/,563,0,0
1732356065493,567,SearchFlights,200,"Number of samples in transaction : 1, number of failing samples : 0",Thread Group 1-3,,true,,2418,873,3,3,null,0,1,0
1732356065493,567,SearchFlights,200,OK,Thread Group 1-3,text,true,,2418,873,3,3,https://blazedemo.com/reserve.php,564,0,0
1732356065506,573,SearchFlights,200,"Number of samples in transaction : 1, number of failing samples : 0",Thread Group 1-2,,true,,2327,878,3,3,null,0,2,0
1732356065507,573,SearchFlights,200,OK,Thread Group 1-2,text,true,,2327,878,3,3,https://blazedemo.com/reserve.php,569,0,0
1732356065504,602,SearchFlights,200,"Number of samples in transaction : 1, number of failing samples : 0",Thread Group 1-4,,true,,2419,875,3,3,null,0,2,0
1732356065505,602,SearchFlights,200,OK,Thread Group 1-4,text,true,,2419,875,3,3,https://blazedemo.com/reserve.php,601,0,0
1732356066061,404,PurchaseFlight,200,"Number of samples in transaction : 1, number of failing samples : 0",Thread Group 1-3,,true,,2688,928,3,3,null,0,0,0
1732356066061,404,PurchaseFlight,200,OK,Thread Group 1-3,text,true,,2688,928,3,3,https://blazedemo.com/purchase.php,400,0,0
1732356066081,392,PurchaseFlight,200,"Number of samples in transaction : 1, number of failing samples : 0",Thread Group 1-2,,true,,2548,928,3,3,null,0,0,0
1732356066081,392,PurchaseFlight,200,OK,Thread Group 1-2,text,true,,2548,928,3,3,https://blazedemo.com/purchase.php,389,0,0
1732356066108,387,PurchaseFlight,200,"Number of samples in transaction : 1, number of failing samples : 0",Thread Group 1-4,,true,,2646,928,3,3,null,0,0,0
1732356066108,387,PurchaseFlight,200,OK,Thread Group 1-4,text,true,,2646,928,3,3,https://blazedemo.com/purchase.php,385,0,0
1732356066465,394,EnterDetails,200,"Number of samples in transaction : 1, number of failing samples : 0",Thread Group 1-3,,true,,2309,1062,3,3,null,0,1,0
1732356066466,394,EnterDetails,200,OK,Thread Group 1-3,text,true,,2309,1062,3,3,https://blazedemo.com/confirmation.php,391,0,0
1732356066860,0,Debug Sampler,200,OK,Thread Group 1-3,text,true,,587,0,3,3,null,0,0,0
1732356066473,411,EnterDetails,200,"Number of samples in transaction : 1, number of failing samples : 0",Thread Group 1-2,,true,,2457,1062,2,2,null,0,2,0
1732356066474,411,EnterDetails,200,OK,Thread Group 1-2,text,true,,2457,1062,2,2,https://blazedemo.com/confirmation.php,399,0,0
1732356066886,0,Debug Sampler,200,OK,Thread Group 1-2,text,true,,587,0,2,2,null,0,0,0
1732356066495,397,EnterDetails,200,"Number of samples in transaction : 1, number of failing samples : 0",Thread Group 1-4,,true,,2309,1062,1,1,null,0,1,0
1732356066496,397,EnterDetails,200,OK,Thread Group 1-4,text,true,,2309,1062,1,1,https://blazedemo.com/confirmation.php,396,0,0
1732356066893,0,Debug Sampler,200,OK,Thread Group 1-4,text,true,,589,0,1,1,null,0,0,0
